{
  "total_hits": 2,
  "visitors": {
    "vid-1764403362805-ek2unfl": {
      "first_seen": 1764403362.809935,
      "last_seen": 1764403452.094968,
      "path": "/"
    }
  }
}