{
  "total_hits": 16,
  "visitors": {
    "vid-1764403362805-ek2unfl": {
      "first_seen": 1764403362.809935,
      "last_seen": 1764407299.772382,
      "path": "/"
    },
    "f42185af-2723-4876-b177-9cfe8e994249": {
      "first_seen": 1764408252.612484,
      "last_seen": 1764408965.2460642,
      "path": "/"
    },
    "1c70971c-035a-49ea-87c1-c66adabb49ed": {
      "first_seen": 1764409075.6264582,
      "last_seen": 1764409075.626459,
      "path": "/"
    }
  }
}